TIMELINE — start Senin 13 Jul 2026. Kapasitas solo ~30-40 approach/hari (personal).,,,,
"PENTING: outreach clear-debt >120 days juga mulai 14 Jul (~15 klien/minggu via WATI). Jatah pagi buat TP survey, siang buat clear-debt.",,,,
,,,,
Periode,Fase,Aktivitas,Target,Status
6-12 Jul (prep),W0 — Persiapan,Deploy /tp-survey/ ke server. Finalisasi pertanyaan sama manager. Kumpulin leads TA-first (3 segment x 40 = ~120 leads). Test survey di HP sendiri.,120 leads siap + survey live,TODO
13-19 Jul,W1 — Test blast,Enrich leads (email/WA via scraper). Test blast 30 lead pertama (10 per segment) buat kalibrasi pesan. Pantau drop-off per question di admin.,3-5 completed,TODO
20-26 Jul,W2 — Full blast,Blast sisa ~90 leads. Follow-up #1 ke non-responder (48 jam setelah kirim).,10 completed (kumulatif),TODO
27 Jul-2 Aug,W3 — Follow-up & top-up,Follow-up #2 (terakhir). Top-up leads di segment yang lagging. Kalau seret: naikin incentive / ganti channel.,20 completed (kumulatif),TODO
3-9 Aug,W4 — Analysis & calls,Baca tab Analysis + semua Q11/Q20. Pilih 1 (max 2) segment pemenang. Mulai discovery call dari Call List.,Keputusan segment + 5-10 calls,TODO
,,,,
Matematika: completion rate cold outreach ~12-17% -> 120 approach = 15-20 completed. Kalau W2 baru 6-7 -> top-up 30-40 leads di W3.,,,,
