SCRIPT OUTREACH (English, no-pitch),,,
,,,
#,Momen,Channel,Script
1,First touch,WhatsApp,"Hi [name]! I came across [business name] — congrats on the great rating. We're doing independent research on how local hospitality businesses manage their online presence & reviews (Tripadvisor, Google, etc.). No sales, just 21 short questions (~5 min): [link]. Happy to share the findings summary with you after — could be a useful benchmark!"
2,First touch,Email,"Subject: quick research question about [business name] — Body: Hi [name], we're researching how local hospitality businesses like [business name] manage their online presence & reviews. 100% research — no sales, no pitch. It's 21 short questions (~5 minutes): [link]. As a thank-you, we'll send you the findings summary so you can benchmark against similar businesses. Thanks so much!"
3,First touch,IG DM,"Hey! Love what you're doing at [business name]. Quick one — we're running research on how hospitality businesses handle online reviews & presence. No sales, 5 min: [link]. We'll share the results summary as a thank-you!"
4,Follow-up #1 (48 jam),Sama dgn first touch,"Hi [name], just floating this back up — the 5-min research survey closes soon and we'd genuinely value [business name]'s input: [link]. Thank you!"
5,Follow-up #2 / terakhir (W3),Sama,"Last nudge, promise! We're wrapping up the research this week. If you have 5 minutes, your answers would really help: [link]. Either way, thanks for your time!"
,,,
"ATURAN: sebut nama bisnis (personal > massal, response rate 2-3x). Kirim 08:00-10:00 waktu lokal bisnis. Max 2x follow-up. Jangan ubah intro copy survey (tone non-leading = data jujur).",,,
